telefono;cedula;placa;fecha_concurso;marca;fecha_matricula;fecha_acta;ciudad_propietario;departamento_propietario;razon_social_establecimiento
573001110001;1100000001;AAA01A;2026-12-01;TVS;2026-11-20;2026-11-22;BOGOTA DC;BOGOTA DC;MOTOS EJEMPLO SAS
573001110002;1100000002;AAA02A;2026-12-01;TVS;2026-11-18;2026-11-21;MEDELLIN;ANTIOQUIA;MOTOS EJEMPLO CENTRO
3001110003;1100000003;AAA03A;2026-12-01;TVS;2026-11-15;2026-11-19;CALI;VALLE DEL CAUCA;MOTOS EJEMPLO SUR
+57 300 111 0004;1100000004;AAA-04A;2026-12-01;TVS;2026-11-14;2026-11-18;CHIA;CUNDINAMARCA;MOTOS EJEMPLO NORTE
573001110005;1100000005;AAA05A;01/12/2026;TVS;20/11/2026;22/11/2026;BARRANQUILLA;ATLANTICO;MOTOS EJEMPLO CARIBE
573001110006;1100000006;AAA06A;2026-12-01;Victory;2026-11-10;2026-11-15;BOGOTA DC;BOGOTA DC;MOTOS EJEMPLO SAS
573001110007;1100000007;AAA07A;2026-12-01;;2026-11-10;2026-11-15;BOGOTA DC;BOGOTA DC;MOTOS EJEMPLO SAS
6012345678;1100000008;AAA08A;2026-12-01;TVS;2026-11-10;2026-11-15;BOGOTA DC;BOGOTA DC;MOTOS EJEMPLO SAS
;1100000009;AAA09A;2026-12-01;TVS;2026-11-10;2026-11-15;BOGOTA DC;BOGOTA DC;MOTOS EJEMPLO SAS
573001110010;;AAA10A;2026-12-01;TVS;2026-11-10;2026-11-15;BOGOTA DC;BOGOTA DC;MOTOS EJEMPLO SAS
573001110011;1100000011;;2026-12-01;TVS;2026-11-10;2026-11-15;BOGOTA DC;BOGOTA DC;MOTOS EJEMPLO SAS
573001110012;1100000012;AAA12A;31 de diciembre;TVS;2026-11-10;2026-11-15;BOGOTA DC;BOGOTA DC;MOTOS EJEMPLO SAS
573001110001;1100000013;AAA13A;2026-12-01;TVS;2026-11-10;2026-11-15;BOGOTA DC;BOGOTA DC;MOTOS EJEMPLO SAS
573001110014;1100000002;AAA14A;2026-12-01;TVS;2026-11-10;2026-11-15;BOGOTA DC;BOGOTA DC;MOTOS EJEMPLO SAS
573001110015;1100000015;AAA01A;2026-12-01;TVS;2026-11-10;2026-11-15;BOGOTA DC;BOGOTA DC;MOTOS EJEMPLO SAS

573001110016;1100000016;AAA16A;2026-12-02;TVS;;;PEREIRA;RISARALDA;MOTOS EJEMPLO EJE
573001110017;1100000017;AAA17A;2026-12-02;tvs;2026-11-12;2026-11-16;BUCARAMANGA;SANTANDER;MOTOS EJEMPLO ORIENTE
